,City,Country,Lat,Lng,Max Temp,Humidity,Cloudiness,Wind Speed,Current Description
0,Noumea,NC,-22.2763,166.4572,84.18,99,63,7.87,broken clouds
1,Katsuura,JP,35.1333,140.3,48.18,81,95,9.4,overcast clouds
2,Husavik,IS,66.0449,-17.3389,42.71,89,100,25.08,overcast clouds
3,Ordynskoye,RU,54.3656,81.8994,2.8,98,70,8.21,broken clouds
4,Yellowknife,CA,62.456,-114.3525,2.41,58,0,2.3,clear sky
5,Jamestown,US,42.097,-79.2353,45.72,40,75,8.05,broken clouds
6,Meulaboh,ID,4.1363,96.1285,77.63,85,100,4.7,overcast clouds
7,Koumac,NC,-20.5667,164.2833,81.86,74,100,4.68,overcast clouds
8,Setermoen,NO,68.861,18.3486,33.44,82,100,3.0,overcast clouds
9,Kem,RU,64.9555,34.5793,32.18,92,100,8.43,overcast clouds
10,Bethel,US,41.3712,-73.414,48.76,49,0,8.05,clear sky
11,Punta Arenas,CL,-53.15,-70.9167,50.11,87,100,5.75,light rain
12,Portland,US,45.5234,-122.6762,55.45,93,100,3.44,light rain
13,Hilo,US,19.7297,-155.09,80.33,77,75,11.5,broken clouds
14,Tasiilaq,GL,65.6145,-37.6368,32.16,75,100,28.97,overcast clouds
15,Pisco,PE,-13.7,-76.2167,78.85,61,0,8.05,clear sky
16,Saquarema,BR,-22.92,-42.5103,84.22,85,1,8.81,clear sky
17,Kapaa,US,22.0752,-159.319,78.78,75,0,9.22,moderate rain
18,Mataura,NZ,-46.1927,168.8643,62.44,50,89,1.48,overcast clouds
19,Rikitea,PF,-23.1203,-134.9692,79.5,70,22,18.81,light rain
20,Solwezi,ZM,-12.1688,26.3894,61.93,98,99,3.89,overcast clouds
21,Riyadh,SA,24.6877,46.7219,69.94,26,35,10.8,scattered clouds
22,Enna,IT,37.5588,14.2892,36.75,83,1,3.96,clear sky
23,Hobart,AU,-42.8794,147.3294,69.22,77,40,6.91,scattered clouds
24,San Marcos,US,33.1434,-117.1661,87.48,23,0,8.05,clear sky
25,Pacific Grove,US,36.6177,-121.9166,80.58,59,0,11.5,clear sky
26,Albany,US,42.6001,-73.9662,37.81,61,96,6.06,overcast clouds
27,Vaini,TO,-21.2,-175.2,77.16,94,75,0.0,broken clouds
28,Chokurdakh,RU,70.6333,147.9167,-28.26,100,62,1.32,broken clouds
29,Sorland,NO,67.667,12.6934,33.87,58,99,13.56,overcast clouds
30,Machala,EC,-3.2667,-79.9667,84.15,58,100,3.44,overcast clouds
31,Cape Town,ZA,-33.9258,18.4232,69.12,84,20,4.61,few clouds
32,Ilulissat,GL,69.2167,-51.1,33.82,34,100,25.32,overcast clouds
33,Smithers,CA,54.7804,-127.1743,43.12,70,75,2.3,broken clouds
34,New Norfolk,AU,-42.7826,147.0587,68.88,73,35,1.99,scattered clouds
35,Iqaluit,CA,63.7506,-68.5145,-5.31,70,100,17.27,overcast clouds
36,Hithadhoo,MV,-0.6,73.0833,83.59,71,50,10.18,scattered clouds
37,Busselton,AU,-33.65,115.3333,49.05,67,42,5.44,scattered clouds
38,Longyearbyen,SJ,78.2186,15.6401,13.84,85,75,12.66,light snow
39,Lagos,NG,6.5833,3.75,82.72,82,100,7.58,overcast clouds
40,Qaanaaq,GL,77.484,-69.3632,5.85,52,8,8.08,clear sky
41,Rocha,UY,-34.4833,-54.3333,74.37,50,1,9.04,clear sky
42,Dunedin,NZ,-45.8742,170.5036,59.4,61,89,2.06,overcast clouds
43,Tonantins,BR,-2.8731,-67.8022,80.56,82,96,1.48,overcast clouds
44,Hasaki,JP,35.7333,140.8333,37.8,79,100,12.33,overcast clouds
45,Carnarvon,AU,-24.8667,113.6333,66.27,55,0,23.02,clear sky
46,Airai,TL,-8.9266,125.4092,60.75,87,17,1.81,few clouds
47,Port-Gentil,GA,-0.7193,8.7815,82.22,80,99,6.69,light rain
48,Oil City,US,41.4339,-79.7064,49.28,55,100,10.36,overcast clouds
49,Coquimbo,CL,-29.9533,-71.3436,65.93,72,0,12.66,clear sky
50,Santa Cruz,BO,-17.8,-63.1667,89.06,62,40,13.8,scattered clouds
51,Lompoc,US,34.6391,-120.4579,84.02,35,0,12.66,clear sky
52,Hermanus,ZA,-34.4187,19.2345,68.9,85,1,13.15,clear sky
53,Menongue,AO,-14.6585,17.691,62.22,94,91,3.83,overcast clouds
54,Buraydah,SA,26.326,43.975,72.05,23,56,17.07,broken clouds
55,Norman Wells,CA,65.282,-126.8329,8.64,61,75,14.97,broken clouds
56,Klaksvik,FO,62.2266,-6.589,41.92,82,93,33.55,overcast clouds
57,Sabang,ID,5.8933,95.3214,81.41,75,100,8.25,overcast clouds
58,Bluff,NZ,-46.6,168.3333,55.26,66,97,4.21,overcast clouds
59,Zhigansk,RU,66.7697,123.3711,-25.74,100,99,1.86,overcast clouds
60,Pokhara,NP,28.2333,83.9833,55.71,51,1,6.08,clear sky
61,Awbari,LY,26.5921,12.7805,56.7,30,97,12.57,overcast clouds
62,Coaraci,BR,-14.6408,-39.5511,81.84,83,100,2.95,overcast clouds
63,Yerbogachen,RU,61.2767,108.0108,14.49,96,100,4.83,light snow
64,Severo-Kurilsk,RU,50.6789,156.125,25.41,64,97,25.17,light snow
65,Ushuaia,AR,-54.8,-68.3,53.26,50,40,12.66,scattered clouds
66,Cidreira,BR,-30.1811,-50.2056,75.94,89,9,11.18,clear sky
67,Samarai,PG,-10.6167,150.6667,81.12,82,95,6.85,overcast clouds
68,Flin Flon,CA,54.7682,-101.865,6.64,40,0,11.5,clear sky
69,Cherskiy,RU,68.75,161.3,-19.37,100,80,2.46,broken clouds
70,Pevek,RU,69.7008,170.3133,-17.9,100,98,4.16,overcast clouds
71,Tomatlan,MX,19.9333,-105.25,85.46,42,0,9.42,clear sky
72,Victoria,HK,22.2855,114.1577,66.96,84,88,18.01,overcast clouds
73,Aquin,HT,18.2833,-73.4,79.54,71,32,2.51,scattered clouds
74,Wad Rawah,SD,15.1603,33.1397,85.78,24,45,9.95,scattered clouds
75,Jiayuguan,CN,39.8167,98.3,32.0,31,100,6.38,overcast clouds
76,Lebu,CL,-37.6167,-73.65,62.69,88,13,18.5,few clouds
77,Bom Jesus Da Lapa,BR,-13.255,-43.4181,81.59,50,97,3.78,heavy intensity rain
78,Touho,NC,-20.7833,165.2333,81.5,72,100,3.58,overcast clouds
79,Tuktoyaktuk,CA,69.4541,-133.0374,-0.4,65,20,18.41,few clouds
80,Marystown,CA,47.1666,-55.1483,34.86,100,93,7.0,overcast clouds
81,Kalianget,ID,-7.05,113.9333,79.63,86,95,13.69,overcast clouds
82,Butaritari,KI,3.0707,172.7902,80.74,83,100,13.53,moderate rain
83,Nabire,ID,-3.3667,135.4833,74.97,93,95,3.58,overcast clouds
84,Puerto Ayora,EC,-0.7393,-90.3518,87.76,86,88,8.01,overcast clouds
85,Villazon,BO,-22.0866,-65.5942,60.49,52,85,15.39,overcast clouds
86,Galiakot,IN,23.5167,74.0,72.79,25,1,3.4,clear sky
87,Blackwater,AU,-23.5833,148.8833,85.23,32,0,9.31,light rain
88,Narsaq,GL,60.9167,-46.05,23.22,94,100,6.22,snow
89,Caravelas,BR,-17.7125,-39.2481,77.81,80,100,6.62,overcast clouds
90,Kodiak,US,57.79,-152.4072,35.11,93,100,24.16,moderate rain
91,Laguna,US,38.421,-121.4238,76.24,39,0,8.05,clear sky
92,Egvekinot,RU,66.3167,-179.1667,10.4,80,3,7.11,clear sky
93,Nikolskoye,RU,59.7035,30.7861,33.87,88,100,4.29,overcast clouds
94,Buin,CL,-33.7333,-70.75,89.92,28,0,11.3,clear sky
95,Khatanga,RU,71.9667,102.5,-2.33,88,100,7.85,overcast clouds
96,Bathsheba,BB,13.2167,-59.5167,77.61,78,75,17.27,broken clouds
97,Guerrero Negro,MX,27.9769,-114.0611,72.1,38,99,12.03,overcast clouds
98,Tiksi,RU,71.6872,128.8694,-24.2,100,75,1.25,broken clouds
99,East London,ZA,-33.0153,27.9116,72.64,77,97,11.27,overcast clouds
100,Lishan,CN,31.8576,113.2951,48.83,65,19,1.57,few clouds
101,Clyde River,CA,70.4692,-68.5914,1.63,85,100,29.93,heavy snow
102,Mahebourg,MU,-20.4081,57.7,79.09,94,75,11.5,broken clouds
103,Avarua,CK,-21.2078,-159.775,86.05,74,20,10.36,few clouds
104,Kismayo,SO,-0.3582,42.5454,78.33,84,38,15.5,scattered clouds
105,Tekeli,KZ,44.83,78.8239,31.95,98,98,2.51,light snow
106,Hovd,MN,48.0056,91.6419,10.53,65,78,9.22,broken clouds
107,Wattegama,LK,6.7989,81.4808,71.73,90,100,6.15,overcast clouds
108,Tondano,ID,1.3038,124.9112,66.29,92,99,1.36,overcast clouds
109,Tual,ID,-5.6667,132.75,83.59,73,72,8.77,broken clouds
110,Barrow,US,71.2906,-156.7887,3.22,85,40,13.8,haze
111,Rawson,AR,-43.3002,-65.1023,72.77,44,1,9.04,clear sky
112,Farsund,NO,58.0948,6.8047,40.95,17,2,7.23,clear sky
113,Iskateley,RU,67.6803,53.1512,25.93,93,100,16.02,overcast clouds
114,Huarmey,PE,-10.0681,-78.1522,74.48,75,100,6.04,overcast clouds
115,Ponta Do Sol,PT,32.6667,-17.1,65.07,80,20,2.04,few clouds
116,Porto Seguro,BR,-16.4497,-39.0647,81.12,78,20,9.22,few clouds
117,Hamilton,US,39.1834,-84.5333,67.05,40,20,10.36,few clouds
118,Gerash,IR,27.6652,54.1371,59.83,28,15,2.89,few clouds
119,San Cristobal,VE,7.7669,-72.225,77.18,58,78,2.37,broken clouds
120,Jacareacanga,BR,-6.2222,-57.7528,75.58,95,100,2.59,light rain
121,Tarakan,ID,3.3,117.6333,76.57,86,47,5.68,scattered clouds
122,Kavieng,PG,-2.5744,150.7967,81.16,78,100,6.58,overcast clouds
123,Boguchany,RU,58.3814,97.4531,3.61,87,100,12.1,overcast clouds
124,Yining,CN,29.0361,114.5636,54.3,87,97,1.34,overcast clouds
125,Hirara,JP,24.8,125.2833,67.86,77,75,12.66,broken clouds
126,Seminole,US,28.7086,-81.2081,83.1,55,0,12.66,clear sky
127,Kidal,ML,18.4411,1.4078,85.5,22,63,10.33,broken clouds
128,Balkhash,KZ,46.844,74.9804,18.79,90,68,9.8,broken clouds
129,Moroni,KM,-11.7022,43.2551,79.54,79,91,9.98,overcast clouds
130,Almaznyy,RU,48.0448,40.045,35.74,98,100,9.64,light rain
131,Muzhi,RU,65.3667,64.6667,16.59,85,100,8.86,overcast clouds
132,Ancud,CL,-41.8697,-73.8203,67.53,87,100,6.42,overcast clouds
133,Jacala,MX,21.0167,-99.1833,68.02,44,0,7.29,clear sky
134,Melo,UY,-32.3667,-54.1833,72.9,57,0,5.95,clear sky
135,Ornskoldsvik,SE,63.2909,18.7153,37.22,75,3,14.97,clear sky
136,Alofi,NU,-19.0595,-169.9187,85.89,74,75,9.22,broken clouds
137,Kulu,TR,39.0951,33.0799,39.65,94,100,11.48,moderate rain
138,Whitehorse,CA,60.7161,-135.0538,31.1,65,75,11.5,shower rain
139,Fortuna,US,40.5982,-124.1573,66.18,81,75,9.22,broken clouds
140,Luganville,VU,-15.5333,167.1667,78.03,86,99,3.29,overcast clouds
141,Bredasdorp,ZA,-34.5322,20.0403,69.12,68,26,3.44,scattered clouds
142,Pingxiang,CN,27.6167,113.85,55.63,88,86,2.8,overcast clouds
143,At-Bashi,KG,41.1702,75.8106,9.16,71,47,2.75,scattered clouds
144,Cabo San Lucas,MX,22.8909,-109.9124,87.51,36,0,9.22,clear sky
145,Cap Malheureux,MU,-19.9842,57.6142,79.29,90,34,3.0,scattered clouds
146,Nanortalik,GL,60.1432,-45.2371,21.58,92,100,24.49,snow
147,Torbay,CA,47.6666,-52.7314,30.58,83,75,16.11,broken clouds
148,Sur,OM,22.5667,59.5289,73.47,65,0,5.97,clear sky
149,Umm Lajj,SA,25.0213,37.2685,74.12,76,4,2.53,clear sky
150,Mildura,AU,-34.2,142.15,75.07,68,0,6.91,clear sky
151,Aransas Pass,US,27.9095,-97.15,71.22,75,0,14.97,clear sky
152,Arraial Do Cabo,BR,-22.9661,-42.0278,78.76,78,0,12.66,clear sky
153,Souillac,MU,-20.5167,57.5167,79.18,94,75,11.5,light rain
154,Mineiros,BR,-17.5694,-52.5511,68.61,93,100,2.13,moderate rain
155,Geraldton,AU,-28.7667,114.6,55.81,71,0,10.36,clear sky
156,Ola,RU,59.5833,151.2833,8.51,78,100,12.66,overcast clouds
157,Constitucion,CL,-35.3333,-72.4167,67.69,74,23,13.8,few clouds
158,Yumen,CN,40.2833,97.2,32.34,34,63,16.22,broken clouds
159,Minot,US,48.2325,-101.2963,18.59,62,0,8.05,clear sky
160,Maldonado,UY,-34.6667,-54.9167,74.59,58,0,7.56,clear sky
161,Traverse City,US,44.7631,-85.6206,30.72,68,100,9.22,overcast clouds
162,Chapleau,CA,47.8405,-83.4034,15.89,57,75,11.5,broken clouds
163,Chuy,UY,-33.6971,-53.4616,75.27,52,1,5.41,clear sky
164,Sao Filipe,CV,14.8961,-24.4956,73.22,69,0,12.24,clear sky
165,Yanam,IN,16.7333,82.2167,73.04,80,82,4.29,broken clouds
166,Port Hedland,AU,-20.3167,118.5667,82.45,69,100,8.05,overcast clouds
167,Cairns,AU,-16.9167,145.7667,85.06,81,25,3.44,scattered clouds
168,Ulladulla,AU,-35.35,150.4667,68.9,95,93,15.88,light rain
169,Luderitz,NA,-26.6481,15.1594,65.73,86,0,7.99,clear sky
170,Gyanpur,IN,25.35,82.4667,59.11,43,0,2.08,clear sky
171,Krasnoselkup,RU,65.7,82.4667,-20.07,100,100,6.06,overcast clouds
172,Izhma,RU,65.0083,53.9113,31.62,87,100,12.08,overcast clouds
173,Saint George,US,37.1041,-113.5841,79.27,16,0,0.0,clear sky
174,Kaitangata,NZ,-46.2817,169.8464,60.93,59,90,2.28,overcast clouds
175,Tuatapere,NZ,-46.1333,167.6833,63.52,51,78,1.48,broken clouds
176,Saint-Philippe,RE,-21.3585,55.7679,74.79,88,23,8.93,few clouds
177,Ust-Uda,RU,54.1742,103.0304,2.05,98,69,3.78,broken clouds
178,Isangel,VU,-19.55,169.2667,84.31,89,40,6.91,scattered clouds
179,Fort Nelson,CA,58.8053,-122.7002,9.99,72,100,2.3,light snow
180,Sulangan,PH,11.1373,123.7228,79.99,83,12,13.15,few clouds
181,Jawhar,SO,2.7809,45.5005,76.28,79,95,16.73,overcast clouds
182,Esperance,AU,-33.8667,121.9,62.28,61,69,18.45,broken clouds
183,Grand Gaube,MU,-20.0064,57.6608,79.2,90,31,3.0,scattered clouds
184,Ulagan,RU,50.6321,87.9563,-4.36,100,72,2.06,broken clouds
185,Saskylakh,RU,71.9167,114.0833,-30.91,100,80,4.7,broken clouds
186,Wajid,SO,3.8093,43.2471,80.44,50,95,14.74,overcast clouds
187,Kaeo,NZ,-35.1,173.7833,71.33,71,99,18.19,overcast clouds
188,Grimshaw,CA,56.1834,-117.6027,21.02,73,100,14.97,overcast clouds
189,Show Low,US,34.2542,-110.0298,68.68,17,0,8.05,clear sky
190,Grand-Santi,GF,4.25,-54.3833,74.88,98,67,3.0,heavy intensity rain
191,Arlit,NE,18.7369,7.3853,81.61,8,7,6.26,clear sky
192,Kununurra,AU,-15.7667,128.7333,78.78,94,36,0.0,scattered clouds
193,Takoradi,GH,4.8845,-1.7554,79.97,81,46,7.14,scattered clouds
194,Morki,RU,56.4303,48.9947,13.33,100,98,4.16,overcast clouds
195,Santiago,CL,-33.4569,-70.6483,89.04,29,0,16.11,clear sky
196,Chapais,CA,49.7834,-74.8492,6.58,84,100,5.97,overcast clouds
197,Bubaque,GW,11.2833,-15.8333,76.51,74,97,21.94,overcast clouds
198,Talnakh,RU,69.4865,88.3972,-15.61,99,100,3.98,overcast clouds
199,Choya,RU,52.0108,86.5467,12.72,98,100,2.55,overcast clouds
200,Vytegra,RU,61.0064,36.4481,29.23,96,100,4.74,overcast clouds
201,Georgetown,MY,5.4112,100.3354,76.95,99,40,1.14,scattered clouds
202,Nha Trang,VN,12.25,109.1833,73.4,90,71,5.5,broken clouds
203,Vardo,NO,70.3705,31.1107,35.35,92,97,15.46,overcast clouds
204,Toguchin,RU,55.2353,84.3858,7.3,96,98,9.19,overcast clouds
205,Whitecourt,CA,54.1502,-115.6855,20.44,86,100,6.91,mist
206,Saldanha,ZA,-33.0117,17.9442,66.25,92,1,4.81,clear sky
207,Teruel,ES,40.6667,-0.6667,40.96,87,80,9.55,broken clouds
208,Kumba,CM,4.6363,9.4469,75.06,91,97,3.4,overcast clouds
209,Haicheng,CN,40.8516,122.7475,25.54,54,5,1.34,clear sky
210,Vredendal,ZA,-31.6683,18.5012,64.89,93,1,4.32,clear sky
211,The Valley,AI,18.217,-63.0578,80.46,78,20,12.66,few clouds
212,Severo-Yeniseyskiy,RU,60.3725,93.0408,-1.21,93,100,10.16,overcast clouds
213,Barbastro,ES,42.0356,0.1269,48.87,80,21,5.53,few clouds
214,Yar-Sale,RU,66.8333,70.8333,5.7,96,100,7.96,overcast clouds
215,Luwuk,ID,-0.9516,122.7875,77.58,84,90,3.0,overcast clouds
216,Tessalit,ML,20.1986,1.0114,77.9,20,6,12.84,clear sky
217,Altay,CN,47.8667,88.1167,15.39,97,100,2.39,light snow
218,Lasa,IT,46.6166,10.7002,40.08,77,98,4.23,overcast clouds
219,Belaya Gora,RU,68.5333,146.4167,-22.2,99,100,2.28,overcast clouds
220,Thompson,CA,55.7435,-97.8558,6.96,40,75,16.11,broken clouds
221,Quatre Cocos,MU,-20.2078,57.7625,78.91,87,54,12.41,light rain
222,Roma,US,43.2128,-75.4557,37.72,62,75,0.0,broken clouds
223,Boende,CD,-0.2167,20.8667,70.59,97,100,5.53,light rain
224,Bethanien,NA,-26.502,17.1583,72.32,38,63,8.75,broken clouds
225,San Patricio,US,28.017,-97.5169,75.88,52,33,11.07,scattered clouds
226,Lagoa Santa,BR,-19.6272,-43.8897,79.77,50,20,9.22,few clouds
227,Isla Vista,US,34.4133,-119.861,87.67,29,0,8.05,clear sky
228,Port Lincoln,AU,-34.7333,135.8667,69.64,83,76,6.42,broken clouds
229,Ballina,AU,-28.8667,153.5667,69.98,96,80,6.91,moderate rain
230,Mancio Lima,BR,-7.6142,-72.8958,82.47,78,40,2.3,scattered clouds
231,Nova Olimpia,BR,-14.7972,-57.2881,77.95,86,99,1.19,light rain
232,Rodnykove,UA,45.043,33.9541,36.55,85,91,2.13,overcast clouds
233,Ibotirama,BR,-12.1853,-43.2206,79.14,57,100,1.86,overcast clouds
234,Mangla,PK,31.8931,72.3817,56.19,86,100,7.81,light rain
235,Kasamwa,TZ,-2.85,32.4333,63.63,90,84,5.21,broken clouds
236,Saint-Joseph,RE,-21.3667,55.6167,73.78,85,18,9.04,few clouds
237,Nago,JP,26.5881,127.9761,60.87,68,82,8.08,broken clouds
238,Bud,US,39.447,-86.1758,68.02,40,88,10.31,overcast clouds
239,Port Alfred,ZA,-33.5906,26.891,67.71,85,5,7.81,clear sky
240,Taoudenni,ML,22.6783,-3.9836,70.9,23,51,15.73,broken clouds
241,Hambantota,LK,6.1241,81.1185,78.64,71,100,20.78,light rain
242,Ocampo,MX,21.65,-101.5,76.28,14,2,8.25,clear sky
243,Dingle,PH,10.9995,122.6711,75.33,92,82,7.67,broken clouds
244,Ahipara,NZ,-35.1667,173.1667,71.06,56,99,15.77,overcast clouds
245,Nanae,JP,41.8833,140.6833,37.63,70,75,9.22,light rain
246,Lata,PT,40.1629,-8.3327,55.81,84,88,1.05,overcast clouds
247,Oliver,CA,49.1831,-119.5524,45.95,87,100,1.14,overcast clouds
248,Cape Coast,GH,5.1053,-1.2466,78.67,82,74,9.95,broken clouds
249,Maneadero,MX,31.7167,-116.5667,68.11,61,100,1.01,overcast clouds
250,Coahuayana,MX,18.7333,-103.6833,89.08,42,0,7.63,clear sky
251,Juneau,US,58.3019,-134.4197,41.22,94,100,3.44,overcast clouds
252,Amazar,RU,53.858,120.875,-5.15,99,100,0.69,overcast clouds
253,Leesburg,US,39.1157,-77.5636,62.47,46,0,4.61,clear sky
254,Beringovskiy,RU,63.05,179.3167,16.95,94,100,12.64,light snow
255,Korla,CN,41.7597,86.1469,36.43,48,25,3.09,scattered clouds
256,Castro,BR,-24.7911,-50.0119,66.96,92,99,4.09,overcast clouds
257,Rio Grande,BR,-32.035,-52.0986,77.95,79,0,7.99,clear sky
258,Klasterec Nad Ohri,CZ,50.3844,13.1713,34.02,66,31,2.44,scattered clouds
259,Khasan,RU,42.4308,130.6434,28.62,42,0,17.34,clear sky
260,Sao Lourenco Do Sul,BR,-31.3653,-51.9783,77.9,79,0,7.52,clear sky
261,Nelson Bay,AU,-32.7167,152.15,71.96,95,100,1.01,moderate rain
262,Waingapu,ID,-9.6567,120.2641,78.24,88,55,5.79,broken clouds
263,Dikson,RU,73.5069,80.5464,-24.0,98,100,8.14,overcast clouds
264,Hervey Bay,AU,-25.2986,152.8535,86.04,88,41,12.8,scattered clouds
265,Codrington,AU,-38.2667,141.9667,70.02,70,4,4.97,clear sky
266,Chilapa,MX,22.032,-105.2317,88.38,30,16,12.21,few clouds
267,Ilhabela,BR,-23.7781,-45.3581,79.72,78,53,4.47,broken clouds
268,Kamaishi,JP,39.2667,141.8833,36.84,76,27,8.63,scattered clouds
269,Port Elizabeth,ZA,-33.918,25.5701,65.1,82,0,6.91,clear sky
270,West Wendover,US,40.7391,-114.0733,56.62,33,68,3.62,broken clouds
271,Umm Kaddadah,SD,13.6017,26.6876,77.13,11,68,11.77,broken clouds
272,Atuona,PF,-9.8,-139.0333,78.15,79,23,18.59,light rain
273,Atlantic Beach,US,30.3344,-81.3987,79.12,36,0,8.05,clear sky
274,Hay River,CA,60.8156,-115.7999,-4.02,65,20,5.75,few clouds
275,Roald,NO,62.5833,6.1333,39.76,100,20,4.61,few clouds
276,Cascas,PE,-7.4833,-78.8167,71.38,75,99,5.14,moderate rain
277,Russell,US,32.3502,-85.1999,78.91,23,0,3.44,clear sky
278,Cramlington,GB,55.0865,-1.586,42.71,89,100,14.74,overcast clouds
279,Coihaique,CL,-45.5752,-72.0662,66.15,59,75,3.44,broken clouds
280,Lannion,FR,48.75,-3.4167,48.74,93,100,9.22,light rain
281,Lavrentiya,RU,65.5833,-171.0,12.99,92,99,6.11,overcast clouds
282,Cayenne,GF,4.9333,-52.3333,79.09,88,75,9.22,broken clouds
283,Botou,CN,38.0667,116.5667,38.62,24,0,3.76,clear sky
284,Daru,PG,-9.0763,143.2092,78.89,84,95,5.57,overcast clouds
285,La Ronge,CA,55.1001,-105.2842,7.05,30,0,9.22,clear sky
286,Sakaiminato,JP,35.55,133.2333,42.73,81,20,8.05,few clouds
287,Guaimaro,CU,21.05,-77.35,79.3,52,46,13.44,scattered clouds
288,Baghdad,IQ,33.3406,44.4009,67.91,30,0,10.36,clear sky
289,Santa Rosa,PH,14.3122,121.1114,78.78,81,58,9.48,broken clouds
290,Livingstonia,MW,-10.606,34.1063,63.32,88,99,4.83,light rain
291,Maniitsoq,GL,65.4167,-52.9,12.25,94,86,13.42,overcast clouds
292,Broken Hill,AU,-31.95,141.4333,73.11,68,0,10.36,clear sky
293,Mirnyy,RU,62.5353,113.9611,4.55,98,100,5.39,overcast clouds
294,Kungurtug,RU,50.5994,97.5228,5.59,79,78,8.66,broken clouds
295,Vostok,RU,46.4856,135.8833,5.43,98,100,3.62,overcast clouds
296,Valparaiso,CL,-33.0393,-71.6273,65.48,76,0,10.36,fog
297,Port Blair,IN,11.6667,92.75,79.59,82,90,5.35,overcast clouds
298,Marovoay,MG,-16.1,46.6333,80.74,94,78,3.4,light rain
299,Smolensk,RU,55.0,33.0,23.85,99,57,2.15,broken clouds
300,Half Moon Bay,US,37.4636,-122.4286,76.69,63,100,9.26,overcast clouds
301,Price,US,39.5994,-110.8107,56.46,33,0,5.75,clear sky
302,Zhengjiatun,CN,43.5064,123.5064,15.3,85,7,2.53,clear sky
303,Loei,TH,17.4167,101.5,67.12,54,5,1.32,clear sky
304,Hun,LY,29.1268,15.9477,49.5,56,8,7.87,clear sky
305,Ukiah,US,39.1502,-123.2078,74.12,34,0,5.75,clear sky
306,Doha,QA,25.2867,51.5333,67.98,72,0,3.44,clear sky
307,Provideniya,RU,64.3833,-173.3,23.11,80,40,15.66,scattered clouds
308,Idrija,SI,46.0028,14.0306,38.35,61,98,2.75,overcast clouds
309,Conneaut,US,41.9476,-80.5542,48.97,69,76,4.99,broken clouds
310,Bogorodskoye,RU,56.55,37.8833,28.09,99,100,2.93,overcast clouds
311,Birjand,IR,32.8663,59.2211,48.67,37,40,4.61,scattered clouds
312,Maebaru,JP,33.55,130.2,41.97,68,5,5.82,clear sky
313,Gbarnga,LR,6.9956,-9.4722,71.64,98,100,1.23,moderate rain
314,Phan Thiet,VN,10.9333,108.1,74.61,78,86,5.86,overcast clouds
315,Agadir,MA,30.4202,-9.5982,59.45,82,33,5.77,scattered clouds
316,Rayon,MX,19.1444,-99.5836,75.92,17,1,4.29,clear sky
317,Mandaguacu,BR,-23.3472,-52.0953,76.6,78,75,4.61,broken clouds
318,Sibolga,ID,1.7427,98.7792,76.73,86,97,3.2,heavy intensity rain
319,Whitianga,NZ,-36.8333,175.7,72.01,64,84,13.73,broken clouds
320,Tucumcari,US,35.1717,-103.725,76.95,4,0,3.44,clear sky
321,Sterling,US,39.0062,-77.4286,62.64,48,75,4.61,broken clouds
322,Karratha,AU,-20.7377,116.8463,86.14,67,43,5.23,scattered clouds
323,Swellendam,ZA,-34.0226,20.4417,68.38,70,25,3.89,scattered clouds
324,Anadyr,RU,64.75,177.4833,12.7,85,0,11.18,clear sky
325,Lagoa,PT,39.05,-27.9833,57.51,59,91,14.61,overcast clouds
326,Moindou,NC,-21.6924,165.677,84.15,77,87,5.61,overcast clouds
327,Ormara,PK,25.2088,64.6357,72.7,76,0,6.11,clear sky
328,Vandoeuvre-Les-Nancy,FR,48.65,6.1833,48.58,68,76,3.44,broken clouds
329,Marsa Matruh,EG,31.3525,27.2453,53.8,62,0,19.57,clear sky
330,Malinao,PH,7.5917,124.6889,67.21,89,36,3.18,scattered clouds
331,Atar,MR,20.5169,-13.0499,75.02,24,0,10.71,clear sky
332,Lufilufi,WS,-13.8745,-171.5986,85.78,77,86,12.12,overcast clouds
333,La Paz,BO,-16.5,-68.15,58.98,54,75,8.05,broken clouds
334,Araouane,ML,18.9048,-3.5265,75.29,21,0,12.24,clear sky
335,Baksanenok,RU,43.6897,43.6547,38.32,100,100,4.47,fog
336,Volchikha,RU,52.0333,80.3833,0.75,100,100,5.08,overcast clouds
337,Rio De Janeiro,BR,-22.9028,-43.2075,89.55,61,0,9.22,clear sky
338,Sinnamary,GF,5.3833,-52.95,77.0,91,88,9.06,overcast clouds
339,Avera,US,33.194,-82.5271,80.26,32,0,7.11,clear sky
340,Laem Sing,TH,12.4816,102.0738,83.14,100,96,3.94,overcast clouds
341,Sampit,ID,-2.5333,112.95,74.43,98,100,2.1,overcast clouds
342,Tommot,RU,58.9564,126.2925,-19.14,99,80,2.73,broken clouds
343,Hualmay,PE,-11.0964,-77.6139,73.15,77,95,7.74,overcast clouds
344,Pasighat,IN,28.0667,95.3333,60.66,52,7,3.94,clear sky
345,Antsirabe,MG,-19.85,47.0333,61.11,97,91,2.08,light rain
346,Paamiut,GL,61.994,-49.6678,15.94,92,100,11.88,light snow
347,Francisco Morato,BR,-23.2817,-46.7453,78.87,68,98,3.29,overcast clouds
348,Mogocha,RU,53.7333,119.7667,-6.2,99,100,1.81,overcast clouds
349,Mackay,AU,-21.15,149.2,88.68,84,40,18.41,scattered clouds
350,Plettenberg Bay,ZA,-34.0527,23.3716,65.59,78,0,5.7,clear sky
351,Grenville,GD,12.1167,-61.6167,82.45,80,52,14.05,broken clouds
352,Salalah,OM,17.0151,54.0924,75.29,64,0,3.44,clear sky
353,Boa Vista,BR,2.8197,-60.6733,87.78,51,40,9.22,scattered clouds
354,Suruc,TR,36.9761,38.425,52.0,97,100,16.53,overcast clouds
355,Dahuk,IQ,36.8695,42.994,50.41,85,100,7.2,overcast clouds
356,Skjervoy,NO,70.0311,20.9714,33.55,76,100,33.2,light snow
357,Skibbereen,IE,51.55,-9.2667,49.1,90,100,10.31,overcast clouds
358,Sao Felix Do Xingu,BR,-6.6447,-51.995,74.08,95,99,1.7,overcast clouds
359,Mount Gambier,AU,-37.8333,140.7667,71.51,68,20,4.61,few clouds
360,Sangar,RU,63.9242,127.4739,-23.26,99,82,2.75,broken clouds
361,Rio Gallegos,AR,-51.6226,-69.2181,51.85,87,100,13.8,light rain
362,Turhal,TR,40.3875,36.0811,37.38,98,100,3.62,overcast clouds
363,Oum Hadjer,TD,13.2954,19.6966,82.62,8,99,10.45,overcast clouds
364,Mustasaari,FI,63.1142,21.6822,36.34,75,0,6.91,clear sky
365,Kruisfontein,ZA,-34.0033,24.7314,62.89,76,0,3.78,clear sky
366,Mango,US,27.9797,-82.3065,80.94,39,0,8.05,clear sky
367,Berlevag,NO,70.8578,29.0864,35.6,93,75,28.77,moderate rain
368,High Level,CA,58.5169,-117.136,8.71,66,100,10.36,light snow
369,Zhuzhou,CN,27.8333,113.15,51.93,89,76,2.44,broken clouds
370,Horsham,GB,51.064,-0.3272,46.44,85,100,4.61,overcast clouds
371,Palmer,US,42.1584,-72.3287,42.31,47,20,6.91,few clouds
372,Farafangana,MG,-22.8167,47.8333,76.08,91,92,7.83,moderate rain
373,Saryg-Sep,RU,51.5,95.6,-7.62,100,98,2.55,overcast clouds
374,Fengzhen,CN,40.4394,113.1536,24.39,35,2,5.41,clear sky
375,Port Macquarie,AU,-31.4333,152.9167,71.56,81,69,9.48,broken clouds
376,Tabas,IR,33.5959,56.9244,61.03,27,55,2.37,broken clouds
377,Aklavik,CA,68.2191,-135.0107,5.83,60,0,12.66,clear sky
378,Shimoda,JP,34.6667,138.95,45.1,72,40,2.73,scattered clouds
379,Bosaso,SO,11.2842,49.1816,74.86,71,4,3.58,clear sky
380,Kotka,FI,60.4664,26.9458,27.97,98,40,6.82,scattered clouds
381,Harper,LR,4.375,-7.7169,80.49,83,95,8.21,overcast clouds
382,Antequera,ES,37.0194,-4.5612,56.7,71,68,4.36,broken clouds
383,Srednekolymsk,RU,67.45,153.6833,-9.26,97,100,6.35,overcast clouds
384,Urengoy,RU,65.9667,78.3667,-8.19,98,100,3.98,overcast clouds
385,Sinjar,IQ,36.3209,41.8754,53.28,79,100,15.12,overcast clouds
386,Aneho,TG,6.2333,1.6,84.4,81,86,14.16,overcast clouds
387,Port Maria,JM,18.3685,-76.8895,84.16,79,32,5.37,scattered clouds
388,Brasilia De Minas,BR,-16.2064,-44.4333,70.68,70,81,4.63,light rain
389,Raudeberg,NO,61.9875,5.1352,38.62,92,42,10.36,scattered clouds
390,Inirida,CO,3.8653,-67.9239,78.28,90,98,2.89,moderate rain
391,Wysokie Mazowieckie,PL,52.9166,22.5171,30.0,69,76,5.79,broken clouds
392,Groton,US,41.3501,-72.0784,44.89,55,0,10.36,clear sky
393,Hofn,IS,64.2539,-15.2082,44.06,92,100,26.84,moderate rain
394,Neuquen,AR,-38.9516,-68.0591,84.09,37,0,4.61,clear sky
395,Naze,JP,28.3667,129.4833,50.92,69,3,8.61,clear sky
396,Vila Franca Do Campo,PT,37.7167,-25.4333,58.19,71,85,10.02,overcast clouds
397,Kutum,SD,14.2,24.6667,73.63,13,97,8.21,overcast clouds
398,North Myrtle Beach,US,33.816,-78.68,75.49,59,0,12.66,clear sky
399,San Ramon,US,37.7799,-121.978,75.2,41,0,8.05,clear sky
400,Muros,ES,42.7762,-9.0603,55.24,91,100,18.81,overcast clouds
401,Cantapoy,PH,9.4906,125.4364,76.53,87,20,3.8,few clouds
402,Balkanabat,TM,39.5108,54.3671,57.43,45,39,4.27,scattered clouds
403,Sechura,PE,-5.5569,-80.8222,78.46,61,69,14.5,broken clouds
404,Sovetskiy,RU,61.3614,63.5842,29.16,89,96,11.03,overcast clouds
405,Derzhavinsk,KZ,51.1,66.3167,1.58,97,69,4.92,broken clouds
406,Gondanglegi,ID,-7.7479,112.0132,73.67,91,92,0.81,overcast clouds
407,Alice Springs,AU,-23.7,133.8833,78.35,41,1,6.91,clear sky
408,Pendleton,US,45.6721,-118.7886,54.95,87,100,8.05,overcast clouds
409,Chenzhou,CN,25.8,113.0333,57.87,91,78,1.81,broken clouds
410,Namibe,AO,-15.1961,12.1522,74.19,82,98,6.38,overcast clouds
411,Los Llanos De Aridane,ES,28.6585,-17.9182,62.35,75,100,10.36,overcast clouds
412,Pine Bluff,US,34.2284,-92.0032,78.91,18,0,9.22,clear sky
413,Shagonar,RU,51.5333,92.8,-0.96,90,56,0.43,broken clouds
414,Komsomolskiy,UZ,40.4272,71.7189,42.22,65,5,9.22,clear sky
415,Morant Bay,JM,17.8815,-76.4093,83.82,71,25,9.6,scattered clouds
416,Shingu,JP,33.7333,135.9833,45.91,77,0,7.07,clear sky
417,Carutapera,BR,-1.195,-46.02,77.67,86,97,7.29,overcast clouds
418,Mayumba,GA,-3.432,10.6554,79.45,86,66,1.54,broken clouds
419,Katav-Ivanovsk,RU,54.7531,58.1956,19.72,98,35,3.94,scattered clouds
420,Abapo,BO,-18.8333,-63.4667,74.93,79,100,2.62,overcast clouds
421,Asau,RO,46.4333,26.4,31.95,88,95,4.36,overcast clouds
422,Bambous Virieux,MU,-20.3428,57.7575,79.05,94,75,11.5,light rain
423,Gushikawa,JP,26.3544,127.8686,60.03,93,20,4.61,few clouds
424,Marshall,US,34.3834,-86.3333,76.82,21,0,5.75,clear sky
425,Bac Lieu,VN,9.285,105.7244,79.27,79,100,14.63,overcast clouds
426,Byron Bay,AU,-28.65,153.6167,69.91,85,84,2.71,moderate rain
427,Port Hardy,CA,50.6996,-127.4199,48.38,81,75,11.5,broken clouds
428,Benghazi,LY,32.1167,20.0667,55.29,53,7,21.25,clear sky
429,Brae,GB,60.3964,-1.353,42.71,78,14,22.26,few clouds
430,Payson,US,40.0444,-111.7321,64.29,34,13,1.99,few clouds
431,Makubetsu,JP,45.3714,141.8211,27.3,93,100,11.95,light snow
432,Ilula,TZ,-7.6766,36.0366,62.62,95,55,3.24,light rain
433,Itoman,JP,26.1247,127.6694,60.82,79,75,6.91,broken clouds
434,Henties Bay,NA,-22.116,14.2845,62.85,87,20,6.89,few clouds
435,Mar Del Plata,AR,-38.0023,-57.5575,64.42,65,0,8.99,clear sky
436,Baykit,RU,61.67,96.37,7.36,91,100,10.18,overcast clouds
437,Vallenar,CL,-28.5708,-70.7581,80.04,35,0,7.65,clear sky
438,Upernavik,GL,72.7868,-56.1549,-6.79,87,77,5.79,broken clouds
439,Uribia,CO,11.7139,-72.266,89.2,43,96,19.77,overcast clouds
440,Iralaya,HN,15.0,-83.2333,84.29,62,3,12.19,clear sky
441,Boyolangu,ID,-8.1181,111.8935,74.21,91,93,3.42,overcast clouds
442,Camocim,BR,-2.9022,-40.8411,78.96,84,84,12.5,broken clouds
443,Ribeira Grande,PT,38.5167,-28.7,58.55,60,74,12.01,broken clouds
444,Manzanillo,CU,20.3433,-77.1167,84.88,47,18,8.23,few clouds
445,El Tigre,VE,8.8875,-64.2454,85.41,51,84,10.31,broken clouds
446,Parambu,BR,-6.2111,-40.6944,76.91,52,19,3.44,few clouds
447,Nome,US,64.5011,-165.4064,17.67,79,100,11.5,overcast clouds
448,Mitsamiouli,KM,-11.3847,43.2844,81.9,73,86,10.25,overcast clouds
449,Khromtau,KZ,50.2503,58.4347,12.74,100,100,4.65,overcast clouds
450,Maltahohe,NA,-24.8333,16.9833,68.4,28,7,13.06,clear sky
451,Lokosovo,RU,61.1333,74.8167,19.44,94,100,11.45,light snow
452,Cooma,AU,-36.2333,149.1333,60.57,100,75,5.75,broken clouds
453,Ustye,RU,59.6304,39.736,15.82,98,94,2.64,overcast clouds
454,Freetown,SL,8.484,-13.2299,76.51,78,41,6.87,scattered clouds
455,Syasstroy,RU,60.1367,32.5691,31.66,80,100,7.14,overcast clouds
456,Uray,RU,60.1247,64.7758,23.97,92,95,10.42,overcast clouds
457,Belmonte,BR,-15.8631,-38.8828,81.1,81,100,7.16,overcast clouds
458,Namatanai,PG,-3.6667,152.4333,80.6,78,100,3.29,overcast clouds
459,Tagusao,PH,9.1924,117.8141,77.95,77,34,3.83,scattered clouds
460,Vung Tau,VN,10.346,107.0843,79.25,78,99,16.33,overcast clouds
461,Murdochville,CA,48.9583,-65.5006,13.08,84,92,6.22,overcast clouds
462,Bowen,AU,-20.0167,148.2333,86.22,87,32,13.6,scattered clouds
463,Las Palmas,ES,28.4204,-14.0131,61.59,72,20,14.97,few clouds
464,Luanda,AO,-8.8368,13.2343,80.11,85,59,8.19,broken clouds
465,Fare,PF,-16.7,-151.0167,81.91,72,59,16.75,broken clouds
466,Tigre,AR,-34.426,-58.5796,83.21,46,0,10.36,clear sky
467,Sambava,MG,-14.2667,50.1667,76.64,89,100,3.27,light rain
468,Taltal,CL,-25.4,-70.4833,68.02,76,24,2.89,few clouds
469,Pese,PA,7.9,-80.6167,83.8,51,82,15.3,broken clouds
470,Fergus Falls,US,46.283,-96.0776,27.27,55,0,17.27,clear sky
471,Hays,US,30.0502,-98.0336,73.45,31,80,1.01,broken clouds
472,Bonthe,SL,7.5264,-12.505,78.03,77,92,7.61,overcast clouds
473,Pangody,RU,65.85,74.4859,4.44,94,100,5.84,overcast clouds
474,Vidim,RU,56.4088,103.1106,14.5,94,100,8.32,light snow
475,Naliya,IN,23.2667,68.8333,71.76,64,0,9.64,clear sky
476,Flinders,AU,-34.5833,150.8552,71.2,95,98,5.99,light rain
477,Chernitsyno,RU,51.5074,36.051,31.48,93,100,6.02,light snow
478,Poplar Bluff,US,36.757,-90.3929,74.79,27,0,11.99,clear sky
479,Stary Sacz,PL,49.5636,20.635,33.48,76,100,3.02,overcast clouds
480,Muyezerskiy,RU,63.9333,31.65,29.86,95,97,8.88,overcast clouds
481,Chau Doc,VN,10.7,105.1167,77.05,80,94,2.21,overcast clouds
482,North Bend,US,43.4065,-124.2243,52.92,96,100,11.5,mist
483,Bushehr,IR,28.9684,50.8385,64.49,59,0,4.61,clear sky
484,Lapua,FI,62.9693,23.0088,36.46,89,91,6.33,overcast clouds
485,Gurupi,BR,-11.7292,-49.0686,77.2,80,81,4.74,light rain
486,Labuhan,ID,-6.8844,112.2051,77.29,89,93,9.44,moderate rain
487,Ekibastuz,KZ,51.6667,75.3667,8.92,94,13,8.37,few clouds
488,Broome,US,42.2506,-75.833,43.21,51,75,5.75,broken clouds
489,Kichera,RU,55.9375,110.0997,11.32,96,100,1.79,light snow
490,Shieli,KZ,44.1667,66.75,43.97,72,6,6.22,clear sky
491,Bengkulu,ID,-3.8004,102.2655,75.16,89,79,3.6,broken clouds
492,Hit,IQ,33.6416,42.8251,65.95,39,93,9.51,overcast clouds
493,Sal Rei,CV,16.1833,-22.9167,70.36,83,2,23.6,clear sky
494,Enugu,NG,6.4402,7.4943,87.19,58,40,11.5,scattered clouds
495,Shalinskoye,RU,55.7228,93.7594,8.29,87,100,14.5,overcast clouds
496,Kotaparh,IN,19.15,82.35,65.55,53,5,3.02,clear sky
497,Chenghai,CN,23.4632,116.768,62.51,88,100,2.24,mist
498,Hauterive,FR,46.0901,3.4459,48.96,85,100,1.25,overcast clouds
499,Ostrovnoy,RU,68.0531,39.5131,26.62,94,100,5.79,overcast clouds
500,Sikasso,ML,10.9167,-7.0,88.34,21,100,5.21,overcast clouds
501,Grants,US,35.1473,-107.8514,66.43,7,0,5.75,clear sky
502,Barra Do Corda,BR,-5.5,-45.25,75.51,95,100,2.42,overcast clouds
503,Ucluelet,CA,48.9329,-125.5528,51.1,95,100,1.01,overcast clouds
504,Sarangani,PH,5.4033,125.4636,81.59,78,60,18.79,broken clouds
505,Lorengau,PG,-2.0226,147.2712,81.19,76,100,1.7,overcast clouds
506,Filimonovo,RU,56.2011,95.4611,6.37,88,97,12.01,overcast clouds
507,Thoen,TH,17.6129,99.2161,75.72,50,54,1.41,broken clouds
508,Stokmarknes,NO,68.5646,14.9108,36.5,65,100,11.05,overcast clouds
509,Kailua,US,21.4022,-157.7394,82.38,70,0,1.99,clear sky
510,Palu,ID,-0.8917,119.8707,74.89,95,100,2.35,overcast clouds
511,Touros,BR,-5.1989,-35.4608,81.5,75,76,9.55,broken clouds
512,Teahupoo,PF,-17.8333,-149.2667,78.76,73,33,17.11,scattered clouds
513,Zhenlai,CN,45.8495,123.2973,7.23,84,2,5.61,clear sky
514,Eyl,SO,7.9803,49.8164,73.69,76,4,14.27,clear sky
515,Sabha,LY,27.0377,14.4283,54.99,29,100,13.15,overcast clouds
516,Fairbanks,US,64.8378,-147.7164,27.23,84,40,3.44,scattered clouds
517,Hami,CN,42.8,93.45,34.11,38,50,1.86,scattered clouds
518,Faanui,PF,-16.4833,-151.75,82.08,70,17,17.2,few clouds
519,Wanning,CN,18.8003,110.3967,66.87,90,99,3.58,overcast clouds
520,Birao,CF,10.2849,22.7882,81.0,18,51,6.33,broken clouds
521,Monrovia,LR,6.3005,-10.7969,78.91,85,86,7.61,light rain
522,Huanan,CN,46.2167,130.5167,-0.27,97,54,3.51,broken clouds
523,Mapiripan,CO,2.8892,-72.1256,78.15,86,99,4.09,moderate rain
524,Berbera,SO,10.4396,45.0143,75.74,76,2,6.29,clear sky
525,Bridlington,GB,54.0831,-0.1919,43.02,90,100,8.01,overcast clouds
526,Saint-Augustin,CA,51.226,-58.6502,16.84,95,100,14.27,snow
527,Pundaguitan,PH,6.3711,126.1689,80.56,79,37,13.82,scattered clouds
528,Mendi,PG,-6.1761,143.6513,59.4,90,99,1.16,overcast clouds
529,Manokwari,ID,-0.8667,134.0833,77.88,81,100,1.92,overcast clouds
530,Novobirilyussy,RU,56.9514,90.6661,9.45,90,100,10.6,overcast clouds
531,Azuaga,ES,38.2667,-5.6833,51.46,67,99,5.59,overcast clouds
532,Kayerkan,RU,69.3497,87.7602,-15.07,98,100,2.8,overcast clouds
533,Itarema,BR,-2.9248,-39.9167,79.59,78,82,12.62,broken clouds
534,Richmond Hill,CA,43.8711,-79.4372,37.47,66,100,8.3,overcast clouds
535,Katangli,RU,51.7102,143.2326,-7.96,99,93,6.46,overcast clouds
536,Trogir,HR,43.5125,16.2517,41.79,33,0,6.91,clear sky
537,Pangnirtung,CA,66.1451,-65.7125,-9.4,77,100,5.75,overcast clouds
538,Jieshi,CN,22.8134,115.8257,62.29,84,85,16.02,overcast clouds
539,Borkenes,NO,68.774,16.1739,33.4,99,100,18.01,light snow
540,Kahului,US,20.8947,-156.47,85.26,60,20,11.5,few clouds
541,Atambua,ID,-9.1061,124.8925,74.05,86,15,1.52,few clouds
542,Manta,EC,-0.95,-80.7333,82.18,78,40,4.61,scattered clouds
543,Mettur,IN,11.8,77.8,69.58,52,97,3.15,overcast clouds
544,Pachperwa,IN,27.5167,82.65,58.37,52,0,5.37,clear sky
545,Iguape,BR,-24.7081,-47.5553,79.65,86,77,5.68,broken clouds
546,Isiro,CD,2.7739,27.616,63.7,98,94,2.98,light rain
547,Talaya,RU,61.3833,152.75,-8.05,97,100,5.75,overcast clouds
548,Pascagoula,US,30.3658,-88.5561,75.72,29,0,8.05,clear sky
549,Maine-Soroa,NE,13.2114,12.0241,76.75,6,49,7.05,scattered clouds
550,Rock Sound,BS,24.9,-76.2,74.14,62,2,8.95,clear sky
551,Sciacca,IT,37.5082,13.0881,45.03,77,3,6.58,clear sky
552,Portel,BR,-1.9356,-50.8211,77.23,85,67,3.53,broken clouds
553,Caucaia,BR,-3.7361,-38.6531,82.35,76,20,6.91,few clouds
554,Alexandria,EG,31.2156,29.9553,58.96,72,40,21.85,scattered clouds
555,Cabra,ES,37.4725,-4.4421,53.65,70,66,1.77,broken clouds
556,Fallon,US,39.4735,-118.7774,69.67,11,75,8.05,broken clouds
557,Helena,US,46.5927,-112.0361,49.98,85,100,5.01,overcast clouds
558,Chopda,IN,21.25,75.3,76.23,29,8,2.53,clear sky
559,Gravdal,NO,68.1214,13.5031,33.69,75,75,11.5,broken clouds
560,Bilibino,RU,68.0546,166.4372,-9.27,99,72,3.29,broken clouds
561,Jining,CN,35.405,116.5814,39.38,48,0,3.78,clear sky
562,Divnomorskoye,RU,44.5011,38.1353,45.27,86,100,0.38,overcast clouds
563,Tres Lagoas,BR,-20.7511,-51.6783,71.38,93,97,6.58,overcast clouds
564,Hermosillo,MX,29.0667,-110.9667,92.25,9,40,8.05,scattered clouds
565,Sitka,US,57.0531,-135.33,42.69,75,100,13.8,overcast clouds
566,Maiduguri,NG,11.8464,13.1603,78.15,6,100,9.06,overcast clouds
567,Itaqui,BR,-29.1253,-56.5531,85.84,46,5,9.28,clear sky
568,Hedaru,TZ,-4.5,37.9,71.76,78,65,2.86,broken clouds
569,Puerto Narino,CO,-3.7703,-70.3831,80.55,98,100,0.81,light rain
570,Fayaoue,NC,-20.65,166.5333,82.0,78,51,10.8,broken clouds
571,Jumla,NP,29.2747,82.1838,35.35,76,9,4.43,clear sky
572,Sibu,MY,2.3,111.8167,75.51,94,40,3.44,scattered clouds
573,Frutigen,CH,46.5878,7.6475,39.99,68,97,3.24,overcast clouds
574,Abatskoye,RU,56.2875,70.4555,18.28,88,17,15.7,few clouds
575,Kortkeros,RU,61.8106,51.5806,26.6,96,98,5.46,overcast clouds
576,Quilmana,PE,-12.95,-76.3833,74.61,77,76,6.4,broken clouds
577,Cockburn Town,TC,21.4612,-71.1419,78.55,74,5,11.41,clear sky
578,Oussouye,SN,12.485,-16.5469,75.38,62,100,12.15,overcast clouds
579,Podeni,RO,44.8814,22.5433,29.68,87,56,5.39,broken clouds
580,Ambilobe,MG,-13.2,49.05,74.84,95,100,3.53,light rain
581,Pouebo,NC,-20.4,164.5667,81.77,75,100,4.14,overcast clouds
582,Aykhal,RU,66.0,111.5,-3.59,100,100,5.3,overcast clouds
583,Balezino,RU,57.9796,53.0106,18.07,100,85,5.3,overcast clouds
584,Gorele,TR,41.0308,39.0031,45.84,95,100,3.69,overcast clouds
585,Kipushi,CD,-11.7667,27.2333,61.75,95,100,4.34,overcast clouds
586,Chara,RU,56.9064,118.2631,-4.13,74,100,2.26,overcast clouds
587,Namtsy,RU,62.7161,129.6658,-27.29,100,100,0.83,overcast clouds
588,Saint-Louis,SN,16.3333,-15.0,82.04,13,56,9.71,broken clouds
589,Hobyo,SO,5.3505,48.5268,78.6,73,39,19.91,scattered clouds
590,Kieta,PG,-6.2167,155.6333,77.97,83,100,4.47,light rain
591,Hirado,JP,33.3597,129.5531,38.55,58,0,15.55,clear sky
592,Havelock,US,34.8791,-76.9013,73.63,51,0,12.66,clear sky
593,Sicamous,CA,50.8331,-118.9856,44.19,100,100,1.86,overcast clouds
594,Santiago Del Estero,AR,-27.7951,-64.2615,87.78,52,4,4.97,clear sky
595,Mwene-Ditu,CD,-7.0,23.45,63.16,95,73,1.36,broken clouds
596,Saint Anthony,US,45.0205,-93.218,34.14,56,40,13.8,scattered clouds
597,Galesong,ID,-5.3166,119.3661,73.42,84,78,5.99,broken clouds
598,Marawi,PH,7.9986,124.2928,65.64,94,10,1.79,clear sky
599,Staryy Nadym,RU,65.6118,72.6842,9.79,96,100,7.18,light snow
600,College,US,64.8569,-147.8028,27.21,85,40,3.44,scattered clouds
601,Buala,SB,-8.145,159.5921,81.37,79,95,0.98,light rain
602,Duncan,US,34.5023,-97.9578,77.22,15,0,6.91,clear sky
603,Kiama,AU,-34.6833,150.8667,70.57,96,95,1.01,light rain
604,Havoysund,NO,70.9963,24.6622,32.88,84,100,37.4,light snow
605,Faya,SA,18.3851,42.4509,57.72,61,7,3.65,clear sky
606,Maceio,BR,-9.6658,-35.7353,80.04,83,40,6.91,scattered clouds
607,Axim,GH,4.8699,-2.2405,78.85,83,48,7.83,moderate rain
608,Tongliao,CN,43.6125,122.2653,4.03,88,9,4.27,clear sky
609,Ayorou,NE,14.7308,0.9174,85.08,16,31,8.93,scattered clouds
610,Pasco,US,28.292,-82.4165,79.21,44,0,5.01,clear sky
611,Salcedo,PH,12.8105,121.4674,75.69,88,35,9.28,scattered clouds
612,Saint-Francois,FR,46.4154,3.9054,45.68,80,100,3.44,overcast clouds
613,Forio,IT,40.7342,13.8646,47.93,70,21,1.99,few clouds
614,Bom Jesus,BR,-9.0744,-44.3586,77.02,74,100,2.33,overcast clouds
615,Changqing,CN,36.5575,116.7272,41.58,24,0,5.68,clear sky
616,Pauini,BR,-7.7136,-66.9764,82.31,78,100,3.24,overcast clouds
617,Alta Floresta,BR,-9.8756,-56.0861,74.8,92,97,1.03,overcast clouds
618,Abilene,US,32.4487,-99.7331,76.5,17,0,9.22,clear sky
619,Abhar,IR,36.1468,49.218,45.23,74,82,4.85,broken clouds
620,Progreso,MX,21.2833,-89.6667,82.51,58,33,10.42,scattered clouds
621,Gateshead,GB,54.9333,-1.6667,43.2,92,100,12.55,overcast clouds
622,Saint-Georges,GD,12.0564,-61.7485,82.08,74,20,17.27,few clouds
623,Jalu,LY,29.0331,21.5482,53.64,51,59,13.51,broken clouds
624,Tilichiki,RU,60.4667,166.1,15.53,78,84,9.75,broken clouds
625,Grosuplje,SI,45.9556,14.6589,35.89,67,86,0.92,overcast clouds
626,Lvov,UA,49.8383,24.0232,29.03,98,94,4.63,overcast clouds
627,Vilyuysk,RU,63.7553,121.6247,-16.78,100,100,4.81,overcast clouds
628,Zhaotong,CN,27.3167,103.7167,37.74,90,40,4.34,scattered clouds
629,Dossor,KZ,47.5272,52.9811,42.3,76,82,10.65,broken clouds
630,Nouadhibou,MR,20.931,-17.0347,67.98,73,0,24.16,clear sky
631,Moranbah,AU,-22.0016,148.0466,84.56,64,3,14.09,light rain
632,Char Bhadrasan,BD,23.3167,90.2167,73.45,41,0,4.5,clear sky
633,Santa Cruz De Tenerife,ES,28.4682,-16.2546,66.02,87,40,14.97,scattered clouds
634,Haines Junction,CA,60.7522,-137.5108,28.35,50,100,2.3,overcast clouds
635,Tete,MZ,-16.1564,33.5867,75.29,88,0,0.0,clear sky
636,Gamba,GA,-2.65,10.0,79.09,88,89,4.5,moderate rain
637,Toppenish,US,46.3774,-120.3087,59.02,66,100,5.01,overcast clouds
638,Jaggayyapeta,IN,16.9,80.1,68.95,72,76,4.94,broken clouds
639,Agadez,NE,19.75,10.25,74.68,10,6,5.91,clear sky
640,Soyo,AO,-6.1349,12.3689,80.49,84,30,7.0,scattered clouds
641,Imbituba,BR,-28.24,-48.6703,77.83,95,100,5.21,overcast clouds
642,Karambakkudi,IN,10.4667,79.1333,73.8,81,100,8.23,overcast clouds
643,Costinesti,RO,43.95,28.6333,35.02,94,75,18.63,broken clouds
644,Macon,US,39.8667,-88.9668,70.88,49,75,9.22,broken clouds
645,Comodoro Rivadavia,AR,-45.8667,-67.5,82.26,26,75,28.77,broken clouds
646,Cody,US,44.5263,-109.0565,64.62,26,20,17.0,few clouds
647,Dalbeattie,GB,54.9328,-3.8227,45.84,93,100,6.91,light rain
648,Olafsvik,IS,64.8945,-23.7142,39.02,72,100,24.09,overcast clouds
649,Brigantine,US,39.4101,-74.3646,56.05,49,0,9.22,clear sky
650,Kharitonovo,RU,61.4009,47.4978,25.02,95,100,3.44,overcast clouds
651,Juliaca,PE,-15.5,-70.1333,58.98,44,40,9.22,scattered clouds
652,Linxia,CN,35.6003,103.2064,32.5,51,100,1.5,overcast clouds
653,Amet,IN,25.3,73.9333,64.87,26,2,6.04,clear sky
654,Lososina,RU,48.9975,140.3106,4.12,97,97,3.56,overcast clouds
655,San Jose,US,37.3394,-121.895,78.57,40,75,10.36,broken clouds
656,Mnogovershinnyy,RU,53.9353,139.9242,-10.26,97,50,3.42,scattered clouds
657,Requena,ES,39.4883,-1.1004,48.7,62,17,6.26,few clouds
658,Helong,CN,42.5397,128.9972,16.57,73,4,5.12,clear sky
659,Padang,ID,-0.9492,100.3543,75.25,85,91,4.52,overcast clouds
660,Kurilsk,RU,45.2333,147.8833,22.62,65,39,10.92,scattered clouds
661,Tonekabon,IR,36.8163,50.8738,53.55,64,82,4.99,broken clouds
662,Methoni,GR,36.8197,21.7049,45.21,66,99,11.45,overcast clouds
663,Calama,CL,-22.4667,-68.9333,72.09,40,40,23.02,scattered clouds
664,Baruun-Urt,MN,46.6806,113.2792,9.3,83,4,8.52,clear sky
665,Gat,IL,31.61,34.7642,63.81,32,100,9.95,overcast clouds
666,Maningrida,AU,-12.0667,134.2667,78.15,90,94,7.31,overcast clouds
667,Dublin,US,37.7021,-121.9358,75.61,38,0,8.05,clear sky
668,Kabanjahe,ID,3.1001,98.4908,61.56,98,100,1.57,overcast clouds
669,Tulagi,SB,-9.0996,160.1476,80.44,77,92,2.46,moderate rain
670,Morehead,US,37.2711,-87.1764,74.95,25,0,0.0,clear sky
671,Gorom-Gorom,BF,14.4439,-0.2361,86.77,21,46,10.83,scattered clouds
672,Inhambane,MZ,-23.865,35.3833,72.81,73,0,8.41,clear sky
673,Barra,BR,-11.0894,-43.1417,79.59,65,100,7.25,overcast clouds
674,Cap-Aux-Meules,CA,47.3821,-61.8597,23.05,93,100,28.77,overcast clouds
675,Omboue,GA,-1.5746,9.2618,79.72,87,100,4.97,light rain
676,Udachnyy,RU,66.4167,112.4,-1.55,84,100,3.4,overcast clouds
677,Tura,IN,25.5198,90.2201,61.92,41,0,2.91,clear sky
678,Mattru,SL,7.6244,-11.8332,77.04,72,77,3.98,broken clouds
679,Phalombe,MW,-15.8064,35.6507,64.51,96,53,2.26,broken clouds
680,Banjar,ID,-8.19,114.9675,78.66,92,95,3.42,overcast clouds
